,option,male_bleu,female_bleu,dif,post_male,post_female,post_dif
0,"['it', 'professional']",0.3976230317681937,0.3063330635745892,0.09128996819360446,0.40332333202716975,0.39355577642736306,0.009767555599806688
1,"['es', 'professional']",0.5455885684387398,0.4352553404458295,0.11033322799291034,0.5386788652130451,0.5386738077218302,5.057491214932597e-06
2,"['de', 'professional']",0.4051664111827855,0.3029014840100596,0.1022649271727259,0.41170742389788917,0.40772660218530443,0.003980821712584737
3,"['it', 'student']",0.397969467747382,0.3063330635745892,0.09163640417279278,0.3959047773337656,0.38673672971190765,0.009168047621857967
4,"['it', 'not-ambi']",0.449365320834063,0.42899560632957634,0.020369714504486658,0.44645641205811526,0.42766773920676804,0.01878867285134722
